Class,Lon,Lat,B10,B11,B1,B2,B3,B4,B5,NO2_column_number_density,B6,B7,sr_aerosol,system:index
water,-115.9727896,33.44374263,3088.872633221836,3031.2516811046835,951.0700027396185,1163.3100999910616,1646.0420200753038,2082.418452722958,2708.2917872649305,8.001145014415958E-5,3212.016674184003,2565.644433404046,94.2453885145482,0_0
water,-115.8848989,33.3336654,3078.0782902170504,3016.2598704645975,1059.859169894275,1270.2285823796697,1749.9078743186187,2188.7711261002414,2793.7992682877602,8.088829971727621E-5,3293.666884482737,2638.529519494834,89.04583946278541,1_0
water,-115.7255972,33.29235053,3073.6526892141455,3006.936830091207,1201.7039960808856,1415.354164502343,1907.5180747767906,2376.8215802124805,2931.7836356962875,8.110608305897645E-5,3426.790257925906,2748.942947070526,83.35470166492826,2_0
water,-115.7805288,33.24182799,3067.4439894663155,3001.036417753514,1196.5001877816246,1405.0985382195545,1884.7369088607782,2331.9685986550285,2908.569844598731,8.145076801713685E-5,3403.3287830448444,2739.033283722614,81.96370290016779,3_0
water,-115.7255972,33.17288653,3058.445377406511,2989.031235953873,1294.8092800897716,1500.4819612826154,1976.9084368266804,2424.149999138914,2986.9586210994157,8.179386386835414E-5,3477.7859943818926,2812.368195556318,76.0656329575778,4_0
water,-118.4502066,33.86441102,3007.6971717103056,2978.068939240533,594.2148198885823,639.3210138802473,712.6769048537794,790.2715671802672,1111.6596932288235,8.792772025754088E-5,1350.336450927278,1013.6807685918136,91.64202409622756,5_0
water,-118.3238638,33.38872144,2952.2268253328725,2932.745472148318,796.9418647256149,801.55003465463,767.2297269973722,735.8614476134625,891.323349356953,7.913509007739976E-5,921.5128757684704,756.3727448400886,76.89226697971247,6_0
water,-117.3570669,33.12689541,3042.5448490173158,3008.579827312205,404.1734347641708,489.57359247937063,649.4706536253739,728.4713796188664,1380.4150607526376,8.34548770065152E-5,1644.1319938462846,1207.5925787360147,123.14115256048184,7_0
water,-117.6325394,33.90127575,3122.2108571657386,3077.711889358323,622.6858668677062,779.6551419680941,1144.2451787756868,1447.1499140868036,2295.071882321474,9.166259907720156E-5,2825.5181162909903,2166.4787334978505,118.27916619945562,8_0
water,-117.6201798,33.90697472,3124.484100160652,3079.7148624407955,627.4213331407412,786.8449775780439,1157.8523822983816,1467.0056205823705,2322.1348464214034,9.176181204406196E-5,2859.6542150208925,2194.675872876281,118.22653543428294,9_0
water,-117.6146866,33.90355538,3124.85675864087,3080.029934293033,625.2158758538196,784.9003078253656,1156.5529152784884,1465.4408728443075,2324.19697543421,9.174914088649043E-5,2861.8100696512047,2195.592563762251,118.6395239658104,10_0
water,-117.1779801,33.85224892,3126.997058758882,3080.196790161719,645.9762436145162,824.4816373477429,1231.345276447907,1541.8311361323824,2376.2170239732045,8.765867587350599E-5,2879.0385369098553,2257.4687201797083,126.13324196642176,11_0
water,-117.441652,33.84768685,3132.7536767397714,3086.385407962742,592.1772777781794,760.5880057153521,1152.1241912539983,1459.5762389145511,2379.347977884576,9.09638796929268E-5,2917.2849452169785,2233.969549491392,127.14230901607559,12_0
water,-117.4334122,33.83742131,3131.5297164458257,3085.2312467663724,585.2121698385656,752.4634664055415,1140.6454230006832,1442.773335247225,2362.0411105698167,9.078617516133439E-5,2894.155653966008,2214.4135613836193,127.96006550155238,13_0
water,-117.6242997,33.90355538,3123.5853413982363,3078.919585915553,624.8217645739747,783.2397586583457,1151.6093281251528,1457.9781423671143,2310.8507057353536,9.171585135757648E-5,2845.3180240641423,2182.621079731646,118.35001490808511,14_0
agriculture,-117.4220335,33.90049919,3137.6173824000707,3090.7974406981857,639.490319851173,816.0359568181906,1227.921344279322,1562.796610089317,2465.483534979767,9.11040383974991E-5,3024.55925193135,2337.440199503793,122.83508385910069,15_0
agriculture,-117.435509,33.90267198,3138.168125293331,3091.351148031883,639.1329839966135,815.5719092210823,1227.7832387249284,1564.1276028097031,2470.90426311258,9.129530878000024E-5,3033.4036374233974,2342.4586766691546,122.57492268129403,16_0
agriculture,-117.4350798,33.90128283,3138.018676151213,3091.21167018942,638.0959582565895,814.3598676604194,1226.090941398903,1561.7141404885776,2468.5818022532053,9.127833266673664E-5,3030.3616664322235,2339.7769519867347,122.68975487866871,17_0
agriculture,-117.4380839,33.9014253,3138.11921932973,3091.314504071911,637.8485399288227,814.060192165509,1225.7881753546928,1561.6287763323278,2469.4385162194626,9.131891995146372E-5,3031.8794962507477,2340.485404983587,122.64893125259383,18_0
agriculture,-117.4373543,33.90028547,3137.9902853255267,3091.192981168802,637.0778356037757,813.1607995503771,1224.5170265121442,1559.769968775811,2467.5250844826096,9.130041358881503E-5,3029.3206342149074,2338.3129195881443,122.74348356312306,19_0
agriculture,-117.432462,33.89764954,3137.598381806508,3090.8153608628004,635.6128106591457,811.4624370080014,1221.9937452191525,1555.7153740991953,2462.3884936302798,9.12174356470763E-5,3022.0727918708494,2332.753661018098,122.99437034051039,20_0
agriculture,-117.4155962,33.90046357,3137.4575668605885,3090.627923353635,640.5242416714881,817.268167075827,1229.380337608115,1564.0937420808218,2464.6085851928324,9.101987760122069E-5,3022.518659524107,2337.0661766104986,122.87434112880548,21_0
agriculture,-117.4143946,33.89910999,3137.2888106179134,3090.4679256849813,639.6343962719079,816.2312081311834,1227.901503848393,1561.8900237173102,2462.233619360823,9.099258821516126E-5,3019.301951822054,2334.405658893477,122.98898386190784,22_0
agriculture,-117.4180853,33.90106911,3137.571728995342,3090.7414117519256,640.5798719766068,817.3250262629037,1229.5485022220412,1564.6002231244868,2465.817735749701,9.105535469632635E-5,3024.4061249802,2338.2442190324327,122.81667812464322,23_0
agriculture,-117.4028933,33.90477349,3137.57694851797,3090.6938103358475,646.0557274993388,823.7857012002047,1237.8903631847777,1574.470839622874,2469.8164397954515,9.088593494396462E-5,3027.3209389457547,2344.4841354200285,122.61907569003552,24_0
agriculture,-117.4019062,33.90377617,3137.4691594032724,3090.5908721236838,645.5682109797191,823.2187536349801,1237.0695915137007,1573.2114402647132,2468.3654976151206,9.086609278001197E-5,3025.320714985445,2342.8847817175765,122.68855652552496,25_0
agriculture,-117.4211752,33.89975116,3137.536478419946,3090.719231663914,639.2183049212256,815.7212319504376,1227.4475170690168,1562.0172816078757,2464.4535459214862,9.108608345451529E-5,3023.0925023585687,2336.3363500486466,122.88484788063398,26_0
agriculture,-117.4302304,33.89558348,3137.3277170102097,3090.5587097849343,634.1715205528418,809.7827189488062,1219.5972195704853,1552.142890643269,2458.5329607921262,9.117357044463904E-5,3016.847525289997,2328.4303981267167,123.18278094841202,27_0
agriculture,-117.3505366,33.89280491,3135.098594972253,3088.2314917179524,645.057127927522,822.7968585609219,1234.6227126676563,1564.1067682372584,2444.448158015612,9.012004597132572E-5,2987.6392868840617,2319.956881856362,123.78204230233914,28_0
agriculture,-117.3861563,33.91047222,3137.721003261845,3090.7671227510978,653.2680599531959,832.2849514510372,1248.9588387762622,1587.885005503475,2476.2733530053133,9.070433038564102E-5,3033.045337436208,2353.804703708977,122.315813187777,29_0
develop,-117.3407189,33.89609354,3135.1801903435876,3088.272662901501,649.1591337538603,827.6308888597611,1240.9140630426016,1571.7207234340453,2448.076563005405,9.001604912215948E-5,2990.8238237783917,2325.2097072993183,123.61424007016525,30_0
develop,-117.3395602,33.8962004,3135.1536613277726,3088.2445169181747,649.334317317162,827.8396178479157,1241.1621904966867,1571.9445094991868,2447.9398135522565,9.00020553325336E-5,2990.4965469634585,2325.158216606628,123.6199695223369,31_0
develop,-117.3463623,33.89276282,3134.999411840099,3088.1262449576307,645.7221192084166,823.5890439874188,1235.5671459622165,1564.9673336687301,2443.9608724419522,9.006766210016138E-5,2986.4480604769587,2319.7942974168086,123.80123998704143,32_0
develop,-117.3384015,33.89078571,3134.588075920982,3087.7200294356335,645.3846384361464,823.2220053452764,1234.7784543760263,1562.9979461657051,2439.7979176671643,8.994844853272038E-5,2980.05104547472,2315.7193120689853,123.98130470237611,33_0
develop,-117.3376504,33.8931903,3134.807825144925,3087.919162323805,647.3933987278306,825.5756205839178,1237.9793613931283,1567.3215362855874,2443.2869667187333,8.995422176440671E-5,2984.3285816273496,2319.9048302807405,123.82580435449452,34_0
develop,-117.3343245,33.89067884,3134.4890932402627,3087.6149831267458,646.0549983293834,824.0204919190518,1235.732191231748,1563.8727567219719,2439.3276486772675,8.989612655484452E-5,2978.8838601668804,2315.577064734791,123.99897721311751,35_0
develop,-117.3347537,33.89012666,3134.449091948468,3087.58010223207,645.5499143761099,823.42753991734,1234.9376525454074,1562.8365721666814,2438.596942228871,8.989950477249584E-5,2978.0410532324267,2314.662983301666,124.0317077604763,36_0
develop,-117.3320285,33.89436586,3134.8084614951117,3087.900934053025,649.3161786639267,827.84440996302,1240.90161313914,1570.7595050742232,2444.6108487309584,8.98933356136001E-5,2985.2223348820717,2322.0088070774277,123.76457374693038,37_0
develop,-117.3315136,33.89563045,3134.9015348168896,3087.9845750643203,650.2335651302242,828.9198583633292,1242.3576333423212,1572.7062108649302,2446.124186990023,8.98935162429317E-5,2987.04834742916,2323.843056088178,123.6977222609559,38_0
develop,-117.3545162,33.89725124,3135.625321025503,3088.7297860924596,647.7700122134801,825.957901302918,1239.107824213,1570.74120053607,2451.4483435143056,9.020181663902241E-5,2997.051966461328,2327.7817960762045,123.46730453409,39_0
develop,-117.345504,33.89896105,3135.592900307418,3088.6689336956324,650.67685711888,829.3903918083895,1243.5021583041428,1575.823405577978,2453.1180790771486,9.009903737089425E-5,2997.876094174806,2330.647747396669,123.38988737918606,40_0
develop,-117.3022882,33.8944371,3134.0733938117087,3087.120995521181,654.2073183440464,833.6716107517,1247.838784754438,1577.0486288245017,2440.910493445984,8.950535145923317E-5,2976.2738313686,2320.692811289993,123.91510132921053,41_0
develop,-117.3063652,33.89262033,3133.9877703015254,3087.056527335938,652.1245902224523,831.220408341446,1244.6230479477526,1573.0684285743603,2438.7388292357323,8.954557129596804E-5,2974.137231983016,2317.73073255481,124.00813319248084,42_0
develop,-117.301902,33.89376027,3133.9875844833655,3087.0412498210057,653.64420298187,833.0135958674891,1246.9285969991927,1575.769420505966,2439.738944021782,8.949664781192251E-5,2974.768892109325,2319.3434120268994,123.96443597616135,43_0
develop,-117.3010866,33.89180099,3133.7829980091706,3086.8505423179504,652.3609855041794,831.5148012940929,1244.8488161549744,1572.825934892282,2436.987358488538,8.947402453969194E-5,2971.20963268001,2316.1919941441033,124.08007292845217,44_0
develop,-117.321643,33.885816,3133.7016299823686,3086.847327720866,644.4535949213471,822.1903458225203,1232.7825839373702,1558.442643135447,2430.838530242806,8.970025685858029E-5,2966.417496835743,2306.8834044462174,124.35892299061301,45_0
forest,-116.9582535,34.14825996,3148.4819067152102,3098.9827845942036,847.3547143784707,1060.6923905696226,1539.8910182360223,1926.2315963673564,2585.45719068042,8.606121140396388E-5,3080.0221399784714,2522.0044261721914,125.84531297624238,46_0
forest,-116.9362809,34.15053297,3148.00288457202,3098.453366963574,848.645678331708,1062.2657764066487,1540.7792372843096,1923.9816321703602,2573.265820678011,8.574304127534967E-5,3059.5595523645757,2509.668206773685,126.94830263520015,47_0
forest,-116.9074418,34.15394237,3147.4358592337912,3097.8150603075505,850.5925487325455,1064.6249153295344,1542.3249517854174,1921.5067936377127,2557.51777270503,8.532936275975817E-5,3032.9278470805066,2493.742967946233,128.41934081505448,48_0
forest,-116.7193009,33.80319393,3112.025652582014,3064.929748424848,713.696746548452,905.4206050366834,1329.9293989776688,1635.652808960037,2344.116851434024,8.173438873525182E-5,2787.7851600108384,2268.118189400026,122.95470159930221,49_0
forest,-116.7302872,33.78150951,3110.44572919118,3063.5388754855567,702.6680494671014,892.5012157281253,1313.5064095352016,1616.1993417389058,2337.2218092237044,8.181915866227011E-5,2784.318094200474,2259.3375744782293,122.19858641728878,50_0
forest,-116.715181,33.77694366,3109.7271731811807,3062.8343331939896,704.4004340455584,894.5902397006289,1316.1828154659834,1618.9810314153053,2337.480455853173,8.162509584643938E-5,2783.847686874647,2261.342950589137,121.77780796088716,51_0
forest,-117.5304498,33.71927899,3116.438966732422,3071.8426674327275,473.3151251740518,616.5657571456985,944.3117169129418,1172.7006279729935,2110.2347830572207,9.049392557397103E-5,2579.2891432733095,1920.6821210026142,137.61031336554726,52_0
forest,-117.5071038,33.71299633,3119.28907189855,3074.237598254512,464.58886744941725,609.9337176342176,943.1872408107606,1173.2916875774522,2130.4839727450467,9.059953986291033E-5,2604.8454868566328,1936.7697697819103,139.55145143530626,53_0
forest,-117.4665918,33.67243361,3115.521898312896,3070.592595873734,438.0318704613943,580.0575671495121,903.5180975594003,1115.8027206606077,2077.2229943662965,8.994729636884708E-5,2533.3712524380016,1875.2212571664268,142.66490223995464,54_0
forest,-117.481698,33.67471934,3116.063251885781,3071.137183381641,435.5899619445058,577.1414683945986,899.8241988832314,1111.8723177191362,2076.8122898722804,9.013795718533743E-5,2534.1168310544176,1873.0948820863036,142.95520816852905,55_0
forest,-117.5335397,33.71870786,3115.9407591295994,3071.413228271244,473.28723654449396,616.0762368276964,942.606646125188,1170.0408712367735,2105.3058236394413,9.046978449168699E-5,2573.0050733917337,1915.860365162897,137.48558686231078,56_0
forest,-117.545556,33.73384155,3115.748424954511,3071.3434547547918,487.5197693204157,630.9899251199232,959.3376969095904,1192.4209907735112,2116.0251615303655,9.051980747470458E-5,2587.219321552039,1932.3653661512908,135.46576418003517,57_0
forest,-117.6152505,33.8014822,3113.1822929900595,3069.498988664989,547.7556532427843,692.2686781533159,1023.6319169456392,1277.4807125310865,2142.590205459629,9.074280390735168E-5,2625.1406704654964,1984.580746060598,126.41373266040833,58_0
forest,-117.5177469,33.72213459,3118.633138799893,3073.738372276702,474.0359054804209,619.3577673009821,952.557039941464,1185.4015346795268,2132.4869059832818,9.060184790642473E-5,2607.6659350612917,1942.6963186062203,138.07732877619316,59_0
forest,-117.5328531,33.71642329,3115.7646948461115,3071.247084873062,471.17196753312066,613.6697352917918,939.4305756580948,1165.6387351132998,2101.6907330780577,9.045293942398883E-5,2568.3233863139612,1911.437628354014,137.73271148833308,60_0
grass,-117.404166,33.8498554,3132.08981789585,3085.648111844344,601.1390550377827,771.2090354188012,1165.5153088891411,1474.2451522605409,2381.609078825765,9.05059528766779E-5,2915.3302758305854,2240.5011677701914,126.85692986583234,61_0
grass,-117.3972138,33.85028309,3131.978820170441,3085.5222919167472,602.914190277561,773.311343139278,1168.1780425360248,1477.2050168795588,2382.2132815631066,9.042113613588611E-5,2915.189898040415,2241.9357199940478,126.79637435346467,62_0
grass,-117.3896177,33.84714663,3131.477805240511,3085.0358296944196,601.7502315413296,771.9755555240818,1166.0908710489973,1473.5301410323643,2376.8251360143313,9.03027899987983E-5,2907.3739664386326,2236.370860619561,127.01746427570217,63_0
grass,-117.3913344,33.84390311,3131.19869951664,3084.785425143876,598.7797068736163,768.4921357704492,1161.3582577788375,1467.1708731693852,2371.7659860183685,9.030373399477969E-5,2901.196011590036,2230.219691384573,127.26617994387816,64_0
grass,-117.39863,33.84443777,3131.4230114339853,3085.01633967856,597.7997865455145,767.3195466786614,1159.9814198578997,1466.014328923118,2372.806895432082,9.039933295726763E-5,2903.449130092231,2230.6929182218514,127.25296866584296,65_0
grass,-117.4040802,33.84522192,3131.6303284414503,3085.225273653536,597.4101204196074,766.8444805840484,1159.5039046691284,1465.9103942524564,2374.245557038636,9.047311605364285E-5,2905.968310516472,2231.8298218322793,127.21069740584859,66_0
grass,-117.4155386,33.84433084,3131.8143263967795,3085.4327176377806,594.5518749699771,763.4591735522454,1155.212531052367,1461.1325285337855,2373.2384668465147,9.061009688225267E-5,2906.1370436767315,2229.473583106985,127.31545941410383,67_0
grass,-117.419401,33.84700406,3132.1802394303177,3085.783134732668,595.985081771875,765.1225279584712,1157.639079676612,1464.9219109654946,2377.7551914625647,9.068069792580262E-5,2912.4085789919745,2234.375975654611,127.11523501425657,68_0
grass,-117.4219759,33.85178,3132.7256962688557,3086.2934225278327,599.5190701715205,769.250551787269,1163.410920783514,1473.1900109918513,2385.795735670577,9.074672025348976E-5,2922.967466859449,2243.596990678794,126.7334857539127,69_0
grass,-117.4132212,33.84864359,3132.1972035196513,3085.77786551872,598.5048835668312,768.0936677297693,1161.5278398943979,1469.6714942857566,2380.190295505494,9.061408736521059E-5,2914.7104639062036,2237.884378312906,126.96752428507064,70_0
grass,-117.385927,33.84507935,3131.2071200642126,3084.7749810704827,600.9109679223383,771.005619702195,1164.6417978166153,1471.162027637544,2373.750678700075,9.0245251366675E-5,2903.023360866148,2233.113425772676,127.14572174749959,71_0
grass,-117.3809918,33.84301202,3130.8720246716907,3084.449452735737,600.1797328549729,770.1678626484411,1163.3232566050735,1468.8107297926554,2370.2427150903177,9.016553525485865E-5,2897.9204307904183,2229.5133988817697,127.28503032618596,72_0
grass,-117.3912056,33.84126544,3130.9498538280873,3084.555578823583,596.8773671688155,766.2665423252377,1158.2863151032773,1462.8886128078977,2367.922233436611,9.028317422359771E-5,2896.2832722094045,2225.7221980556587,127.44694468041392,73_0
grass,-117.3949822,33.84714663,3131.6043699593943,3085.1704792508604,600.7114658171047,770.7407757825317,1164.5680257566771,1471.9791085878849,2376.9927135725716,9.037088151717739E-5,2908.28110383563,2236.0114218871377,127.03508062499122,74_0
grass,-117.3959263,33.8430833,3131.2250027245227,3084.8250683337287,597.2336085407417,766.6663713411457,1158.9941648584397,1464.3681230745422,2370.5928161670436,9.035575825330114E-5,2900.29212780717,2228.364610693473,127.34503232192174,75_0
highway,-117.2565088,33.85582306,3129.2133987702005,3082.500581165947,633.8372151908899,809.9974033953615,1213.972299529399,1525.8731382378162,2384.4154663864274,8.867534424450488E-5,2899.5179058599356,2259.016808235876,126.12545893943206,76_0
highway,-117.2565517,33.85532412,3129.1611719771017,3082.452666286212,633.4475503265764,809.5414768344551,1213.3500480287894,1525.0226839452848,2383.704587837298,8.867204638088837E-5,2898.6360735491967,2258.182395452514,126.153148727846,77_0
highway,-117.2563157,33.85462915,3129.0828317874534,3082.3807939666094,632.8630530301035,808.8575869930926,1212.4166707778716,1523.7470025064817,2382.6382700135982,8.866709958546357E-5,2897.313325083082,2256.930776277466,126.19468341046709,78_0
highway,-117.2560368,33.85443314,3129.050345053387,3082.350058947347,632.7189509463843,808.6899449415832,1212.1795939909268,1523.3961218293678,2382.270623129778,8.86620321517464E-5,2896.821642810534,2256.5269659737064,126.20799065135063,79_0
highway,-117.2558222,33.85384509,3128.9917516044857,3082.2953731699313,632.3801953842478,808.2945496478571,1211.6317015723746,1522.6204888434713,2381.548104190849,8.86553178493308E-5,2895.889845752588,2255.7066271817716,126.23509194730931,80_0
highway,-117.2556505,33.85322139,3128.9331648372986,3082.2406940742303,632.0416187758589,807.8993643923768,1211.084119272532,1521.8453306950726,2380.8261524713766,8.864860561002458E-5,2894.9588500646146,2254.8869662933494,126.26214240413593,81_0
highway,-117.2555218,33.85254423,3128.8548396815077,3082.1688367884854,631.4575241253167,807.2159471370661,1210.1514397887092,1520.5707176406402,2379.7611108914684,8.864366345659646E-5,2893.637904680956,2253.636872401214,126.3035626987096,82_0
highway,-117.2551141,33.85247295,3128.8421163924745,3082.1553050156967,631.5596111602935,807.3373247287968,1210.3006231308896,1520.721072510159,2379.7386809410564,8.863683367366229E-5,2893.5391772415005,2253.6660372393376,126.30230945510097,83_0
highway,-117.2549853,33.85193835,3128.7899063036616,3082.1074068402477,631.1703936803418,806.8819232634971,1209.6791469270438,1519.87180531136,2379.0292204405728,8.863354096781982E-5,2892.6593483557003,2252.8333192147556,126.32987214568483,84_0
highway,-117.2548351,33.85147503,3128.7313412520475,3082.052749460119,630.8323986716205,806.4874206323019,1209.1325725129896,1519.09819038481,2378.309112184343,8.862683543362003E-5,2891.73095712015,2252.015861512746,126.35675737533236,85_0
highway,-117.254642,33.8510117,3128.6988845856963,3082.0220445085715,630.6891018797477,806.3207237528784,1208.896891260211,1518.7494464764043,2377.944017788079,8.862177728389613E-5,2891.2428810124798,2251.6151017747798,126.36983584012216,86_0
highway,-117.2545562,33.85047709,3128.6466811785976,3081.9741530148376,630.3000633535459,805.8655323258272,1208.2757251750786,1517.9006541151098,2377.2351245070636,8.861848664116329E-5,2890.3638534966663,2250.7830616537203,126.3973476915736,87_0
highway,-117.2540197,33.84933657,3128.529587824799,3081.86487500401,629.625057581702,805.0776822737747,1207.184281999854,1516.356035868226,2375.798027701627,8.860508691986647E-5,2888.5114785604287,2249.151874719019,126.45083853564255,88_0
highway,-117.2537837,33.8486772,3128.4449544782065,3081.7863052855855,629.0934380786009,804.4566341202644,1206.3286751367561,1515.1603989484868,2374.726308902173,8.859674637984813E-5,2887.1475804168344,2247.9217864740294,126.49122549535599,89_0
highway,-117.2535691,33.84816039,3128.3864261760214,3081.7316846548865,628.7564273154786,804.063286699407,1205.7838063755858,1514.3893956281531,2374.009320352966,8.859005219275107E-5,2886.223596716147,2247.108057241337,126.51783110977735,90_0
industry,-117.2315752,33.83892305,3126.990667463722,3080.376484877665,626.4645723803427,801.4606299253694,1201.5904475116224,1506.5462151379936,2361.643316747511,8.825966410167518E-5,2868.1203013285563,2234.8539771524042,126.88157306663973,91_0
industry,-117.2229063,33.83892305,3126.7897675249856,3080.1626491988372,628.1695464378431,803.4866866900792,1204.1014284686282,1509.1418280475211,2361.5113253244367,8.815121281857626E-5,2866.8612102874677,2235.59177596715,126.84118551608996,92_0
industry,-117.2193873,33.83885176,3126.7081519248736,3080.0757784543134,628.8621921487046,804.3097722507446,1205.121514482415,1510.1962957920196,2361.4577038088123,8.81071544848172E-5,2866.349704552024,2235.891506735642,126.82477807367911,93_0
industry,-117.2581828,33.8366417,3127.377075843237,3080.822316813225,619.4334984790602,793.1375391831486,1191.0170840535327,1494.681514692234,2358.84377803509,8.858031237851179E-5,2868.034747261491,2228.805877563845,127.13192681534504,94_0
industry,-117.2248804,33.81796078,3124.8121137873504,3078.355989775534,613.0079366231897,785.7415531479954,1179.9918786868761,1476.4896620555064,2335.1100462274185,8.805102684029798E-5,2834.573501932922,2204.4349207878713,127.8139325611888,95_0
industry,-117.2199023,33.81753292,3124.66941880569,3078.207770154876,613.8978193274268,786.8015215407306,1181.2970908961265,1477.7976518402631,2334.905677316489,8.798581948698922E-5,2833.709154626984,2204.7299944130373,127.78323291835052,96_0
industry,-117.2374976,33.84241627,3127.4667402366968,3080.8334235350885,627.7845123569163,802.9834548453241,1203.8382308521614,1510.1816586344482,2366.225728993341,8.835519111487552E-5,2874.5355247696857,2239.616200510142,126.74092178548908,97_0
industry,-117.2375834,33.83992113,3127.2327720377853,3080.6188589463136,626.0592056823054,800.9648663444605,1201.0869427955217,1506.4294012232344,2363.1161125870194,8.834067566836564E-5,2870.6934951425,2235.968112788152,126.85751867005689,98_0
industry,-117.2069418,33.83628523,3126.155019763029,3079.5252064910287,629.5003671966745,805.1025279109842,1205.840914864449,1509.9747560370852,2357.9703696115657,8.793232637510623E-5,2860.459883220441,2233.1149204434914,126.88052180014503,99_0
industry,-117.207371,33.83493064,3126.0384957079286,3079.420270703093,628.4594613655037,803.882816469907,1204.1973512150619,1507.7920458411418,2356.3276290322683,8.793131896314821E-5,2858.512300453207,2231.1336095905795,126.94095878621245,100_0
industry,-117.2048819,33.83614264,3126.111189831434,3079.478546866289,629.8764619622855,805.5494034975102,1206.3956190261376,1510.5508560171747,2357.951422828297,8.790863876134663E-5,2860.1984810297736,2233.2881772456763,126.87079733865176,101_0
industry,-117.1963847,33.8354297,3125.8336017569595,3079.1944909217686,631.0411850367067,806.94350237635,1208.04989958214,1511.9881910580941,2356.8933585927175,8.779575078667542E-5,2857.8147802490134,2232.941968528716,126.85937449532835,102_0
industry,-117.1971571,33.8320788,3125.5176742502213,3078.9078035775283,628.4747292292628,803.938166379375,1203.9885715804367,1506.5517785884276,2352.6850537426026,8.778593698901494E-5,2852.766076189508,2227.9272082497937,127.00729015501862,103_0
industry,-117.196728,33.83093803,3125.408462630986,3078.806811543142,627.7893919168631,803.1374112316555,1202.8930887396002,1505.0400084364828,2351.3882143392466,8.777642151662256E-5,2851.1453766424124,2226.435661945001,127.04984171835497,104_0
industry,-117.2223914,33.81753292,3124.730880397932,3078.273274165897,613.3296715698714,786.126896248843,1180.45116090275,1476.8927424011376,2334.834898793088,8.801930304880851E-5,2833.944350007171,2204.3655463398186,127.80589475647321,105_0
land,-117.2723448,33.83364732,3127.414425012867,3080.904402084004,614.469786048678,787.2789476762607,1183.4277560965697,1485.6535467353651,2354.9900360435076,8.873783134029665E-5,2865.0069099285556,2222.8283796256837,127.36404724888425,106_0
land,-117.2683108,33.83043894,3127.006511550265,3080.516296473416,612.9208030888001,785.4811302394518,1180.8535926503046,1481.740448794407,2350.630562260009,8.866709002239681E-5,2859.0800390500094,2218.1291056197438,127.51415214557339,107_0
land,-117.2711432,33.82302357,3126.3674406199893,3079.9398830342084,606.9920580810347,778.5332045914342,1171.4476256726725,1469.1490047888624,2340.818578361997,8.86589015090482E-5,2847.2400862391974,2206.299587513942,127.92519538104732,108_0
land,-117.2756064,33.82024264,3126.2039937349195,3079.804463586003,604.1172493572681,775.1536925912303,1166.952643606453,1463.4025815680275,2337.0956360816817,8.869578473668915E-5,2843.1291037212077,2201.4783110875765,128.10486007948597,109_0
land,-117.314831,33.84056274,3129.0894627745047,3082.587255188613,611.2281606744508,783.3326664218213,1179.3114857859487,1484.1882504619723,2365.2351245078016,8.931746193712893E-5,2883.184742053297,2230.4535032907324,127.1719478489182,110_0
land,-117.3101103,33.84177467,3129.082059400056,3082.5639516336355,612.997318354513,785.420303051507,1182.0217559928008,1487.4308633574567,2366.6801981774847,8.926340867247261E-5,2884.378003599929,2232.6539400947945,127.08510594419732,111_0
land,-117.3207533,33.8353584,3128.7240620281436,3082.271710940521,606.1569230337968,777.376935414552,1171.331968779213,1473.8010611807895,2357.9473047459787,8.935841842732878E-5,2874.7896501365844,2221.2721260176095,127.5188047131335,112_0
land,-117.3184359,33.83421769,3128.535266384859,3082.090056903745,605.6160700221086,776.7527051012102,1170.402465266189,1472.2823147976646,2355.9865013601857,8.931913904685762E-5,2872.0239962082746,2219.2185313938967,127.58979939142273,113_0
land,-117.2634184,33.82608962,3126.4759582585148,3080.0129621347755,610.769690231431,782.9817762120608,1177.3004121819697,1476.4158402155012,2344.891977469849,8.857978579110618E-5,2851.3491966525153,2211.895931326633,127.71091889041912,114_0
land,-117.250458,33.8254479,3126.1263037237213,3079.6482159032084,613.0425323015353,785.6882272466362,1180.6266717969318,1479.7375348957485,2344.316069608418,8.841502204818557E-5,2849.049131955736,2212.566146126909,127.64818478250682,115_0
land,-117.2515738,33.83172231,3126.7509986935256,3080.2249408368402,617.2830870841321,790.6458847312259,1187.4210882130324,1489.1204200909651,2352.42060366437,8.84661872028369E-5,2859.224579618133,2221.9656100946363,127.34260446633202,116_0
land,-117.2569811,33.8318649,3126.901775861185,3080.3816468853747,616.3882414516783,789.5793123900984,1186.1211398993273,1487.8595235259377,2352.7822465611443,8.853534069833875E-5,2860.3446434124785,2221.830514204736,127.3608396544769,117_0
land,-117.2487414,33.83257787,3126.7668683520424,3080.2303002065337,618.4087101226988,791.9726840898352,1189.1535675328062,1491.2293105074157,2353.472049873184,8.84373389068904E-5,2860.191125837754,2223.4793139125873,127.28608465452513,118_0
land,-117.2680533,33.82708784,3126.6860641811327,3080.2213163425886,610.6144409391077,782.7834705205612,1177.161027438213,1476.66138060598,2346.292532678752,8.864366410183738E-5,2853.6527328235234,2213.063658807599,127.68518030007762,119_0
land,-117.2713148,33.8415608,3128.175604258526,3081.599285661695,620.6052782651611,794.4619447253647,1193.2095275653976,1498.940179952801,2365.8820377684847,8.877463517906569E-5,2878.4236007238655,2235.7299894968523,126.92166405425421,120_0
nodevelop,-117.0494373,33.85794517,3124.4847917735674,3077.4464247103497,673.7152812666343,857.3955947308381,1272.245727349358,1584.7626221822934,2376.112317628427,8.60563277795545E-5,2861.6157214912587,2270.533401330892,125.74252140127274,121_0
nodevelop,-117.0434291,33.86250669,3124.7655944905277,3077.681682842405,677.529867888118,861.8778164012894,1278.1005452575791,1591.998888225955,2379.941222368135,8.60020781754281E-5,2865.246543908641,2275.5960927811093,125.66965721037387,122_0
nodevelop,-117.0362194,33.85937067,3124.3199261103814,3077.248815455057,677.1222567348166,861.4282641751503,1277.3114441782877,1590.2994308293485,2376.8613232765706,8.589585788582968E-5,2860.6639816079346,2272.7543211006555,125.7035065112702,123_0
nodevelop,-117.046519,33.85352596,3124.017452067164,3077.009133650199,671.7072184571608,855.0586860587483,1269.0374970836501,1580.2394171909555,2372.03818327149,8.599869624301823E-5,2856.471055583228,2266.093568323776,125.80152828559274,124_0
nodevelop,-117.037936,33.84853626,3123.368009406927,3076.385562470145,670.4809924095593,853.6572018209167,1266.9460214697438,1576.7087311019436,2367.3333135149096,8.586720224255877E-5,2849.8538816415225,2261.5028066379823,125.84677392346168,125_0
nodevelop,-117.0559604,33.84212051,3123.195778383817,3076.292158613217,663.1419832295342,845.0082905142646,1255.7930085638807,1563.474716640091,2361.9532289651183,8.606515152957117E-5,2845.968657445581,2253.3800240643486,126.00601093639608,126_0
nodevelop,-117.092696,33.85580687,3125.3323158362114,3078.373719170223,664.5180612237285,846.481155713579,1258.71124098979,1570.642739684362,2376.4759358106203,8.659501352794614E-5,2867.921257194284,2266.5433816855884,125.84493100730619,127_0
nodevelop,-117.1057422,33.85309829,3125.3681245841262,3078.453051293654,660.1773671410773,841.3561385098348,1252.1599822367573,1563.087108579437,2374.0779253873425,8.674770502540282E-5,2866.8495259152187,2262.389636151126,125.94168072450468,128_0
nodevelop,-117.1040256,33.84853626,3124.9272210018516,3078.044217567022,657.7702079333851,838.5469151113532,1248.329458176467,1557.806247069796,2369.6038214615596,8.670548920607085E-5,2861.3073771455506,2257.3318566250828,126.04469537999852,129_0
nodevelop,-117.1400745,33.83342283,3124.32287841559,3077.6165286813825,640.8943077590862,818.6766208951578,1222.4393286472402,1526.2717636646487,2354.063136844023,8.707742078338353E-5,2847.3007268585707,2235.469240498908,126.62789496895064,130_0
nodevelop,-117.1546657,33.82643552,3124.022953432908,3077.392331677151,633.5183980684683,809.9952375997859,1211.068641313178,1512.2481753714708,2346.579139761176,8.722349823329733E-5,2840.0685872851595,2225.20340660837,126.93647676018668,131_0
nodevelop,-117.1582706,33.82201469,3123.676180271055,3077.0878691651806,629.708350461867,805.5245750017896,1205.1107739149743,1504.5418580025596,2341.3805845110546,8.724577329883986E-5,2834.2345637603416,2218.7276852359178,127.11904647807688,132_0
nodevelop,-117.0102985,33.84126504,3122.0576230674715,3075.09215428956,671.5936892023735,855.0618472591611,1268.1758730920478,1575.9915182441578,2360.290654697115,8.54878131130142E-5,2838.1387779318648,2256.1454022289417,125.82521221195765,133_0
nodevelop,-117.0193965,33.8352765,3121.698498601305,3074.7959568090455,666.2730820299371,848.8077096172866,1260.0227586862513,1565.9725024663658,2355.163914043478,8.557232058766382E-5,2833.4105777909886,2249.26932629884,125.9242736265969,134_0
nodevelop,-117.0430858,33.83941149,3122.645562138033,3075.744098324115,664.0796790695763,846.1533730702463,1257.0176004394364,1563.9876661791786,2359.2422640112054,8.588977315609434E-5,2841.1421746051997,2251.5592892176173,125.99053790623381,135_0
ocean,-119.2303036,33.72433928,2951.5396593574046,2933.168745392394,819.1039283259221,837.5822107916872,873.3738889918377,887.7011891568686,1209.9832595912756,7.5818928318452E-5,1544.830554908418,1382.2188515157304,59.23136076435675,136_0
ocean,-119.2303036,33.37870554,2892.6408899352055,2882.0478142996053,1245.3787339730397,1230.601845920626,1175.4920012743587,1103.273685618747,1206.7761184505048,7.172774487911915E-5,1377.8121337072812,1295.309302743468,41.471561129527366,137_0
ocean,-118.9831112,33.2249027,2900.3647426445095,2889.241175987085,1545.5703554240563,1527.9346947282036,1460.773239912741,1406.3078001057654,1480.7839532514565,7.243765762935211E-5,1536.4222021326943,1381.9905048349701,40.98292820961425,138_0
ocean,-118.9474057,33.32364316,2903.809554067023,2891.852701078429,1266.1672775667832,1249.8793334278387,1181.950305081995,1119.8780564042622,1185.6252409256792,7.344680508537233E-5,1262.92403160169,1156.602325070901,46.36288788933439,139_0
ocean,-118.8238095,33.61461891,2938.9924825903563,2921.2486988712008,729.7154765804048,733.026366986533,706.2243000439631,678.3992147673405,819.7601819840543,7.82292389664324E-5,969.2668881014242,851.0679617188531,65.09567544956644,140_0
ocean,-118.9611386,33.79740838,2976.647034535481,2953.8517272362596,721.7424482638546,750.9391374114191,803.0816440052886,847.694159269917,1182.6817920009703,8.0277082423467E-5,1479.5897893684855,1244.3519888722803,71.7353554106195,141_0
ocean,-118.005328,33.17664005,2981.514737726712,2958.339542852605,887.3063175163807,912.3967928522046,936.6782468075226,940.7225877035979,1283.3471310591008,7.958928488361992E-5,1393.63056100783,1119.8989146843062,88.98019598190501,142_0
ocean,-119.3873781,33.61400435,2917.3015442150413,2903.5366067806826,911.9297478704372,914.0131468975655,912.9799415833905,876.3857966927501,1118.6945994032712,7.259768248237797E-5,1454.579845074023,1382.8440977238813,48.013898337661374,143_0
ocean,-119.3818849,33.47894719,2886.8731302701717,2876.709267074181,1020.8694816703918,1006.2562080689352,959.1102973232968,872.794956568946,998.6484182253043,7.10777585872329E-5,1273.2962666390267,1266.027628298073,40.83480623649796,144_0
ocean,-119.1099733,33.18521739,2894.756182755962,2884.567747213849,1721.6824174113076,1704.7418296489777,1642.5280468534706,1590.444674224374,1681.5954263332656,7.133016412104202E-5,1741.4325403103485,1550.5868914325354,36.57104624667588,145_0
ocean,-118.8902467,33.09552498,2901.1004352419473,2890.3217021182313,1832.0286153946681,1811.1281147504776,1739.229733113212,1695.5730405823113,1765.115534571492,7.199041601969674E-5,1776.078204927497,1579.506449378232,36.75211782596868,146_0
ocean,-119.00011,33.67573972,2946.7565246820072,2928.2547096599,768.3234089745255,780.0275526738731,785.596455438794,780.2533000654693,1010.2086891519776,7.757797806078878E-5,1251.2280348793477,1104.5955849256143,63.36118298106985,147_0
ocean,-118.6540407,33.77853356,2980.0250623864504,2955.468759414894,645.6644416180101,672.3120148736048,702.3831505133834,737.9190337059161,989.424311232671,8.368616932212647E-5,1191.8692635611883,945.7580982549207,80.00877186972411,148_0
ocean,-119.1291994,33.87436332,2991.655660121424,2967.7056420135887,738.6360478160052,778.8894382902856,869.6205546747697,948.2046179588706,1393.6214008930315,7.943574209669216E-5,1773.5295731428919,1497.2773672577368,71.11033486178293,149_0
ocean,-118.1019777,33.42853289,2990.15081597525,2964.4629945852816,604.2677820597742,637.5760902034256,675.4172753262461,679.0234726376789,1045.575611402608,8.183117876168008E-5,1159.3408134157598,880.1429448345477,99.40783146718503,150_0
open_space,-116.021821,33.16810043,3061.32232942836,3000.04055234967,1026.7580959942395,1224.784266014271,1670.125779805248,2049.0635092172565,2712.163794249901,8.231273312002588E-5,3212.5739679564504,2588.2462976782112,87.57971433416222,151_0
open_space,-116.2030954,33.23245099,3068.4820388141384,3013.146751453517,852.9350326592973,1048.330248386256,1481.7084673363552,1829.1722828987572,2548.044394260327,8.195989653715821E-5,3054.539940144715,2454.368478329924,95.0245535275221,152_0
open_space,-116.1481638,33.04846686,3052.7233432525472,2993.142717037083,934.3008721247795,1125.211185756773,1544.7141987017208,1876.1893905962283,2591.7290369100597,8.368198520962154E-5,3095.6065413490765,2491.155585904634,91.39090662655599,153_0
open_space,-116.0822458,32.9609394,3043.1884475439065,2980.204980210262,1030.869925362926,1219.4202809684089,1635.5405485592642,1967.4683975650155,2667.3469966546627,8.429305763860808E-5,3167.6030006224846,2558.635564466584,86.22569391110012,154_0
open_space,-115.9119577,32.9609394,3037.6164708390056,2969.2792215822383,1235.6899332844002,1425.6734036417608,1857.2935286140587,2225.6500445402053,2866.6855581092564,8.368081738327886E-5,3358.903252556089,2733.4805202738194,75.20812218536176,155_0
open_space,-115.8680124,32.99319646,3039.822409567142,2970.753095269327,1269.690553734279,1461.8361865920872,1901.442666207637,2284.848925935971,2908.412580369206,8.329413594614425E-5,3399.3691148845473,2767.2426727299226,73.78438336356376,156_0
open_space,-115.6318064,34.42341688,3144.6508482907966,3077.1732696988147,1555.5488519333608,1830.616396893081,2465.9765305399733,3063.67029112798,3552.174078759331,7.975545410896046E-5,3889.5948979745863,3422.548639535492,157.1739855674568,157_0
open_space,-115.5274362,34.25105354,3135.9804595274354,3067.2263017239934,1538.461013620624,1811.2613172735578,2445.7595873243163,3064.1707994417666,3565.8629138248484,7.986330208796008E-5,3943.253859135742,3411.644149462735,144.41373767703072,158_0
open_space,-115.3626413,34.3100598,3130.8189476698253,3059.1711108640184,1554.364107330672,1820.2555205925546,2432.29516606746,3024.839914753266,3515.7016901384336,7.984804745120026E-5,3853.993387829875,3348.03027871811,149.32815513861757,159_0
open_space,-115.2582712,34.15564828,3110.0680858531105,3037.758758241716,1480.6414448214487,1726.3812416009578,2287.668183059315,2845.5628446441888,3330.463496121598,7.987148998814764E-5,3681.690224211833,3154.285589918956,136.022280401984,160_0
open_space,-115.3681345,34.11472727,3117.0150944221427,3046.427106687984,1474.4719397014205,1728.5775107185248,2314.1536663144507,2897.584709729983,3389.105326627689,7.99071606509536E-5,3768.6309944246977,3215.3859984967876,133.62052142723738,161_0
open_space,-115.4285593,34.16019383,3125.68487583158,3055.7093958179466,1499.6799675240545,1762.6173506424154,2371.2163597897634,2972.479819549023,3467.734330253026,7.990584028579943E-5,3848.9977878136597,3297.900262471464,137.71856760011607,162_0
open_space,-115.5713815,34.19200587,3133.70243396114,3065.9478229949063,1477.3600517142756,1745.0022204263637,2364.7231651934158,2964.6187060582515,3461.995272683995,7.986388134588587E-5,3845.4547392048894,3305.0301625843003,141.12582510938506,163_0
open_space,-115.1813669,34.0419299,3089.8937772912413,3017.403007743438,1447.2769058379217,1675.7151782897324,2196.5190800487076,2733.427396178428,3221.4505444225697,7.98613698691849E-5,3589.1272147481855,3052.0344543049255,123.70426916594529,164_0
open_space,-115.1429148,32.98858903,3013.1253423917965,2940.547400397213,1625.4184440253089,1813.1509405502215,2299.2995302464683,2847.756484339531,3402.134185902336,8.048477094584914E-5,3940.6913757189645,3351.3982325114207,51.71544990007082,165_0
open_space,-115.1429148,32.88255178,3012.2073737768064,2938.767587834647,1683.3626814490958,1873.5692753903768,2374.582562223577,2927.743446608555,3486.7900373895804,8.061664386383883E-5,4030.3891712133086,3448.3018146233844,49.04227202852847,166_0
open_space,-115.0220651,32.91022593,3011.0596018654433,2941.036075640506,1628.2157817886218,1817.908346245395,2327.016345533807,2914.738113850079,3491.6191180651667,7.997110751124844E-5,4058.328237137704,3499.3571701772275,51.65194027309523,167_0
soil,-116.0594734,34.54947736,3154.6425029039033,3094.869299535868,1268.4194798138356,1523.0408669063174,2085.745195096888,2545.5313400582786,2948.9768043854274,7.945024480431592E-5,3252.4778824213367,2850.481157715273,167.6428603031109,168_0
soil,-116.0429939,34.55682913,3154.2587688388726,3094.3199770863025,1279.180461392166,1534.561337147093,2100.644591736887,2565.869897461782,2974.6591703921354,7.94229101687179E-5,3284.6438366196417,2876.8226514032094,167.03982812247546,169_0
soil,-116.0704597,34.53364055,3155.0179025929165,3095.193948450848,1262.1104384053872,1516.2064408525441,2075.975153369681,2531.72313684978,2928.9870767131147,7.951081896380612E-5,3220.9960646192358,2828.034833346583,168.44261730694754,170_0
soil,-116.0567268,34.54325611,3154.667738670224,3094.7529482874943,1271.0380292052487,1525.8079168554502,2088.6659904444687,2549.161671582527,2951.690922063219,7.94756817080581E-5,3251.3409101705984,2851.920141083533,167.83028637498703,171_0
soil,-115.8177742,34.55513263,3150.2905105672926,3086.678107411258,1433.1514957762581,1698.925752113911,2304.7524850346454,2839.9066497262615,3296.655806198132,7.944448740903543E-5,3629.555705502495,3189.7708855033848,162.70525484108614,172_0
soil,-115.8232674,34.55230504,3150.432539377474,3086.85946113682,1430.5034990821546,1696.1452410970737,2301.0885641298114,2834.8007463592353,3289.8262821496164,7.945628761499891E-5,3620.584284325359,3182.7085336245086,162.9423489973948,173_0
soil,-115.9310707,34.52119523,3152.7967921412132,3090.470907891729,1364.145701447098,1625.4989649737313,2210.8547478111605,2711.8538902511846,3136.7152019223436,7.9579664174492E-5,3436.9201392503596,3028.4483935354806,166.3955262284332,174_0
soil,-115.9338173,34.5104455,3153.001454055163,3090.5458025850835,1364.8212214643652,1626.2856692533903,2210.983351011471,2711.4164801360193,3133.269884187124,7.962471827731948E-5,3426.5733486926283,3023.2549415025164,166.91419128395555,175_0
soil,-116.083506,34.5251553,3155.3438529653863,3095.616871108805,1253.1997779090298,1506.60612322228,2063.3479387096318,2514.4288670206347,2906.708355949198,7.954226448042251E-5,3191.594378186195,2804.6840531374783,169.0034166086846,176_0
soil,-116.071833,34.52968087,3155.0881965237077,3095.229047895409,1261.4339200085756,1515.4571849249796,2074.719209956829,2529.8637476916265,2925.853227233262,7.95262564667297E-5,3215.0844739682466,2824.221186054898,168.61775044938256,177_0
soil,-116.0532936,34.5392969,3154.656697940014,3094.6343377765916,1273.6459423279298,1528.5792835643824,2091.808409248522,2553.2072918554313,2955.5313102342025,7.94907217812211E-5,3253.107607188205,2854.961233958059,167.91208685382566,178_0
soil,-116.040934,34.55230504,3154.281704982792,3094.2452565859676,1280.961329835012,1536.4477017148115,2102.6226491223015,2568.3136114941008,2976.4156040185053,7.94410620919308E-5,3283.6653137030316,2877.687953748729,167.179433214098,179_0
soil,-116.1020454,34.64217527,3154.3803249051703,3096.573064597458,1236.1807477856794,1489.4233493499369,2051.4183272773084,2503.179952439699,2920.2377260661347,7.909764086732234E-5,3279.9244815492125,2840.258229814593,165.16622322998273,180_0
soil,-115.8067879,34.55230504,3150.1419464295477,3086.3018701437527,1441.7931925525413,1708.2016147385523,2316.071758208343,2854.9192057983037,3313.487236810497,7.945743706661667E-5,3646.01999869164,3205.7360774022513,162.62247011469822,181_0
soil,-116.2723335,34.47875403,3157.237499867014,3100.5112588377087,1105.62883284581,1347.466738046886,1863.9540798462358,2249.466751901259,2601.617192130191,7.958947788337928E-5,2852.5982582833412,2502.042457810979,171.48756489704758,182_0
